25 Years ISCA: Retrospectives and Reprints,63
3DUI,1
A-MOST,28
A2CWiC,62
AAAI,2
AADEBUG,19
AAMAS,2144
AAMAS (1),143
AAMAS (2),258
AAMAS (3),109
AAMAS (Demos),32
AAMAS (Industry Track),17
AAMAS (PhD),11
AAMAS Industrial Applications,14
ACAI,46
ACIVS (1),69
ACL2,19
ACM Annual Conference (1),92
ACM Annual Conference (2),86
ACM Annual Conference - The range of computing: mid-80's perspective,31
ACM Comput. Surv.,1082
ACM Conference on Computer Science,1176
ACM Conference on Computer and Communications Security,767
ACM Conference on Electronic Commerce,524
ACM Crossroads,358
ACM DEV,93
ACM DL,197
ACM Great Lakes Symposium on VLSI,949
ACM Journal of Computer Documentation,65
ACM Journal of Educational Resources in Computing,114
ACM Journal of Experimental Algorithmics,184
ACM Multimedia,2818
ACM Multimedia (1),57
ACM Multimedia (2),61
ACM Multimedia EMME Workshop,18
ACM Multimedia Workshops,51
ACM Policy,19
ACM Queue,641
ACM SIGAPL APL Quote Quad,57
ACM SIGBDP Conference on Trends and Directions in Expert Systems,45
ACM SIGOPS European Workshop,395
ACM SIGPLAN Workshop on Rule-Based Programming,8
ACM SIGSOFT Software Engineering Notes,1445
ACM Southeast Regional Conference,1325
ACM Southeast Regional Conference (1),91
ACM Southeast Regional Conference (2),88
ACM StandardView,60
ACM Symposium on Document Engineering,447
ACM Symposium on User Interface Software and Technology,248
ACM TIST,133
ACM Trans. Asian Lang. Inf. Process.,180
ACM Trans. Comput. Log.,288
ACM Trans. Comput. Syst.,341
ACM Trans. Comput.-Hum. Interact.,318
ACM Trans. Database Syst.,702
ACM Trans. Design Autom. Electr. Syst.,549
ACM Trans. Embedded Comput. Syst.,394
ACM Trans. Graph.,1643
ACM Trans. Inf. Syst.,509
ACM Trans. Inf. Syst. Secur.,233
ACM Trans. Internet Techn.,175
ACM Trans. Management Inf. Syst.,47
ACM Trans. Math. Softw.,1192
ACM Trans. Model. Comput. Simul.,356
ACM Trans. Program. Lang. Syst.,841
ACM Trans. Softw. Eng. Methodol.,269
ACM Transactions on Algorithms,246
ACM Workshop on Role-Based Access Control,80
ACM-GIS,176
ACP4IS,10
ACSAC,122
ACSC,69
ACSE,149
ACSW Frontiers,23
ADC,38
ADCS,17
AFIPS Fall Joint Computing Conference,163
AFIPS Fall Joint Computing Conference (1),61
AFIPS Fall Joint Computing Conference (2),66
AFIPS National Computer Conference,1213
AFIPS Spring Joint Computing Conference,336
AH,89
AI Commun.,1
AINTEC,80
AIRWeb,17
AISec,53
ANCS,176
AND,46
AOSD,212
AOSD (Companion),38
APCCM,12
APGV,282
APL,539
APVIS,25
AREA,15
ARIST,28
ARM,38
ASE,314
ASIA-PEPM,14
ASIACCS,295
ASID,11
ASP-DAC,688
ASPLOS,508
ASSETS,604
ATACSS,41
AUIC,24
AVI,551
Ad Hoc Networks,1
Adaptive and Reflective Middleware,16
Advanced Visual Interfaces,34
Advances in Computer Entertainment Technology,654
Afrigraph,135
Agents,407
Annual Simulation Symposium,28
ApSys,27
Architectures and Compilation Techniques for Fine and Medium Grain Parallelism,26
Artif. Intell.,1
Audio Mostly Conference,62
AutomotiveUI,97
BCB,316
BCI,54
BCS HCI,248
BCS HCI (1),40
BCS HCI (2),144
BDA,1
BELIV,21
BEWEB,9
BIBM Workshops,4
BIT,1
BNAIC,1
Bangalore Compute Conf.,109
Best of PLDI,47
Bioinformatics,5
BooksOnline,36
C&T,47
C3S2E,106
CAI,11
CASCON,723
CASEMANS,4
CASES,379
CBSE,43
CCSEIT,121
CEAS,25
CGI,15
CGO,74
CHASE,24
CHI,2854
CHI 95 Conference Companion,225
CHI Conference Companion,391
CHI Extended Abstracts,3456
CHIMIT,47
CHINZ,115
CHItaly,34
CIKM,2785
CIKM-CNIKM,12
CIKM-DSMM,6
CIKM-KRAS,5
CIKM-PAVLAD,8
CIKM-SWSM,8
CIKM-iNEWS,15
CIMS,9
CIVR,271
CLADE,12
CMSB,31
CODASPY,91
CODES,232
CODES+ISSS,476
COLT,433
COM.Geo,174
COMPCON,1
COMSWARE,31
COOCS,94
CPR,224
CSAW,18
CSCL,625
CSCL (1),87
CSCL (2),88
CSCW,1056
CSCW (Companion),93
CSCW Companion,70
CSIIRW,208
CSSSIA,8
CSTST,104
CUBE,140
CVDB,19
CVE,26
CVMP,12
Challenged Networks,36
China HPC,29
Cloud-I,9
CloudDB,14
CoNEXT,355
CoRR,2
CogART,60
Cognitive Processing,1
Commun. ACM,8936
CommunicabilityMS,6
CompSysTech,528
Comput. Geom.,1
Computational Transportation Science,6
Computer Architecture for Non-Numeric Processing,32
Computer Communication Review,741
Computers & Graphics,1
Computers and the Humanities,1
Computers in Entertainment,347
Computing Systems,2
Computing and Markets,1
Conf. Computing Frontiers,362
Conference on Analysis of Neural Network Applications,17
Conference on Designing Interactive Systems,300
Creativity & Cognition,414
Critical Computing,35
D.GO,61
DAC,5582
DAMP,39
DATA BASE,610
DATE,129
DBSocial,11
DBTest,47
DDFP,4
DEBS,257
DEECS,6
DEFECTS,10
DESIRE,23
DESRIST,29
DG.O,824
DIAL-M,44
DIALM-PODC,11
DIALM-POMC,48
DIMEA,134
DLS,61
DMKD,23
DMSN,62
DOLAP,189
DOSTA,6
DPPI,76
DS-4,1
DSL,13
DTMBIO,31
DUBMMSM,11
DUX,25
DaMaP,10
DaMoN,48
Databases for Business and Office Applications,3
Designing Augmented Reality Environments,29
Digital Identity Management,64
Digital Libraries,41
Digital Rights Management Workshop,93
Doctoral Symposium on Middleware,8
Document Analysis Systems,59
Dynamo,12
EATIS,190
ECCE,285
ECHT,66
ECMFA-TW,8
ECOOP Workshops,1
ECSA Companion Volume,61
EDBT,319
EDBT/ICDT Array Databases Workshop,5
EDBT/ICDT Workshop on Linked Web Data Management,8
EDBT/ICDT Workshops,98
EDCC-CARS,16
EDT,11
EFTS,10
EICS,192
EMSOFT,295
ESAIR,41
ESEC / SIGSOFT FSE,125
ESEC/SIGSOFT FSE,172
ESEC/SIGSOFT FSE (Companion),40
ESEM,229
ESSPE,12
ETRA,293
ETX,71
EUMAS,1
EURO-DAC,97
EUROSEC,18
EVOL/IWPSE,30
Electronic Colloquium on Computational Complexity (ECCC),6
Elektronische Informationsverarbeitung und Kybernetik,1
EmNets,16
Erlang Workshop,107
Ethics in Computer Age,39
EuroITV,30
EuroPLoP,23
EuroSys,171
Experimental Computer Science,21
Expressive,9
FDT - Bulletin of ACM SIGFIDET,23
FDT - Bulletin of ACM SIGMOD,12
FIT,115
FMCAD,28
FMSE,41
FMSP,23
FOAL,35
FOGA,36
FOIS,32
FOMC,17
FOSD,28
FOWANC,13
FPCA,86
FPGA,809
FoSER,86
Fun and Games,13
Future Play,52
GEC Summit,151
GECCO,2216
GECCO (Companion),862
GECCO Workshops,78
GIR,64
GIS,475
GIS-DMG,5
GIS-HPDGIS,14
GIS-IWCTS,7
GIS-IWGS,19
GIS-LBSN,33
GIS-SSO,5
GLOBECOM,1
GPCE,138
GPGPU,35
GRAPHITE,258
GRID,1
GROUP,422
Games and Economic Behavior,1
Graphical Models,1
Graphics Interface,222
Green Networking,12
HCC,11
HCCE,48
HCI (2),1
HIKM,7
HILT,20
HOPL,12
HOPL Preprints,14
HOTMOBILE,57
HP-MOSys,10
HPCA,6
HPDC,249
HPRCTA,6
HPTS,1
HRI,754
HSCC,88
HT,125
Haskell,118
HealthNet,19
HeterSanet,13
HiPC,1
HiPEAC,17
High Performance Graphics,22
Higher-Order and Symbolic Computation,2
History of Medical Informatics,16
HotNets,59
HotSWUp,18
Human Vision and Electronic Imaging,1
Humans and Computers,37
Hydrology and Earth System Sciences,8
Hypertext,752
I-KNOW,76
I-SEMANTICS,105
I3D,83
IAAI,1
IACR Cryptology ePrint Archive,4
ICAC,94
ICACCI,183
ICAIL,466
ICCAD,576
ICCCS,121
ICCPS,20
ICDE,3
ICDL,11
ICDSC,33
ICDT,90
ICEC,591
ICEGOV,375
ICER,49
ICFP,519
ICFP-WGP,23
ICHIT,112
ICIMCS,86
ICIP (3),1
ICIS,2
ICLS,206
ICLS (1),196
ICLS (2),63
ICLS (3),111
ICMI,517
ICMI-MLMI,47
ICML,762
ICMR,132
ICPE,103
ICPW,21
ICRA,1
ICS,710
ICSE,1901
ICSE (1),56
ICSE (2),132
ICSE - Future of SE Track,26
ICSE Companion,66
ICSOC,31
ICSSP,35
ICTD,36
ICUIMC,506
ICVGIP,139
ICWE,50
ICWE Workshops,20
ICWET,632
IDC,345
IDEAS,150
IDtrust,30
IE,54
IEA/AIE,173
IEA/AIE (1),61
IEA/AIE (2),69
IEA/AIE (Vol. 1),136
IEA/AIE (Vol. 2),132
IEEE Conference on Computational Complexity,1
IEEE Congress on Evolutionary Computation,1
IEEE Data Eng. Bull.,1
IEEE Intelligent Systems,1
IEEE Software,1
IEEE Symposium on Parallel and Large-Data Visualization and Graphics,16
IEEE Trans. Computers,3
IEEE Trans. Industrial Informatics,1
IEEE Trans. Software Eng.,5
IEEE Transactions on Information Theory,2
IEEE Transactions on Signal Processing,1
IEEE Visualization,10
IEEE/ACM Trans. Comput. Biology Bioinform.,247
IEEE/ACM Trans. Netw.,463
IFIP PACT,41
IFMT,13
IHC,53
IHC+CLIHC,24
IHI,195
IHIS,11
IHM,405
IIiX,48
IJCNN,1
IJNC,13
INFOCOM,1
INTERACT,2
INTERCHI,106
INTERCHI Adjunct Proceedings,106
IOPADS,29
IPCO,1
IPSN,348
IPTComm,38
IQIS,21
IRAL,55
ISA,13
ISARCS,7
ISCA,969
ISCA PDCS,1
ISCAS (5),1
ISEC,119
ISESE,37
ISICT,139
ISLPD,38
ISLPED,1135
ISMM,152
ISPD,516
ISSAC,1049
ISSS,28
ISSTA,359
ISWSA,42
ITCS,82
ITS,222
ITiCSE,1670
IUCS,65
IUI,1002
IVCNZ,81
IW-SOSWE,8
IWCMC,809
IWDE,9
IWPSE,18
IWRIDL,15
IWSC,37
IWSSD,20
Inf. Process. Lett.,1
InfoSecCD,38
Infoscale,54
Int. Conf. Interaction Sciences,245
Int. J. Comput. Geometry Appl.,6
Int. J. Found. Comput. Sci.,1
Int. J. Hum.-Comput. Stud.,1
Int. Journal in Computer Simulation,4
Int. Journal of Network Management,152
Int. Sym. Wikis,210
Intelligence,48
InterSense,25
Interactions,1532
Intermediate Representations Workshop,12
International ACM Conference on Assistive Technologies,53
International Computer Science Series,1
International Conference on Supercomputing,326
International Journal of High Speed Computing,1
International Journal of Man-Machine Studies,1
Internet Measurement Comference,96
Internet Measurement Conference,221
Internet Measurement Workshop,62
J. ACM,2371
J. Algorithms,3
"J. Comb. Theory, Ser. A",1
J. Data and Information Quality,40
J. Funct. Program.,2
J. Parallel Distrib. Comput.,1
JCDL,1112
JETC,125
JOCCH,51
JTRES,85
Java Grande,96
Journal of Computational Biology,1
Journal of Computer Security,2
Journal of Machine Learning Research,417
Journal of Object Technology,1
Journal of Systems and Software,3
Journal of Visualization and Computer Animation,2
K-CAP,204
KDD,1462
KDD Tutorial Notes,6
KDD Tutorials,6
KDD Workshop on CyberSecurity and Intelligence Informatics,11
KDD Workshop on Data Mining and Audience Intelligence for Advertising,11
KDD Workshop on Data Mining using Matrices and Tensors,5
KDD Workshop on Human Computation,18
KDD Workshop on Knowledge Discovery from Sensor Data,18
KDD Workshop on Knowledge Discovery from Uncertain Data,8
KDD Workshop on Statistical and Relational Learning in Bioinformatics,8
KDD Workshop on Visual Analytics and Knowledge Discovery,9
KEYS,26
Knowledge Eng. Review,1
LAK,74
LANC,22
LCC,1
LCTES,205
LCTES-SCOPES,25
LCTES/OM,30
LDTA,21
LFMTP,7
LID,12
LISP and Functional Programming,125
LOPLAS,16
LSDS-IR,10
LocWeb,34
MAI,9
MBMV (1),1
MDsec,8
MEDES,168
MELT,23
MERLIN,19
MGC,25
MICRO,219
MIRUM,12
MIX-HS,8
ML,29
MM&Sec,149
MMDB,22
MMSys,26
MNCNA,9
MOBICOM,492
MOBICOM-CoRoNet,13
MOBIWAC,170
MODDM,4
MONET,1
MPAC,50
MS,20
MSP/ISMM,27
MSPC,32
MSR,102
MSWiM,513
MUC,119
MUM,246
MW4SOC,23
Mardi Gras Conference,38
McGraw Hill series in computer science,61
Memory System Performance,15
Memory System Performance and Correctness,10
Metainformatics,15
Meth. of Logic in CS,13
MidSens,36
Middleware (Companion),44
Middleware (Demos and Posters),19
Middleware (Doctoral Symposium),14
Middleware Security,8
Middleware for Grid Computing,15
Middleware for Pervasive and Ad-hoc Computing,13
Mindtrek,206
MineNet,28
MoMM,320
MobiDE,119
MobiHeld,27
MobiHoc,386
MobiMedia,50
MobiSys,249
MobiVirt,9
Mobile Computing and Communications Review,487
Mobile Data Management,45
Mobile HCI,610
Mobile Middleware,6
Mobile Platforms and Development Environments,10
Mobility Conference,260
Mobility Management & Wireless Access Protocols,21
MobilityModels,6
Multimedia Information Retrieval,297
NCA,2
NDA,8
NETGAMES,158
NGCA,9
NIPS,1
NOMS,1
NOSSDAV,220
NPAR,130
NS Simulator for Beginners,38
NSPW,211
NetEcon,17
Networks,1
Neural Parallel & Scientific Comp.,377
Nonlinear Dynamics in Human Behavior,5
NordiCHI,419
OBI,10
ONISW,13
OODBS,40
OOPS Messenger,320
OOPSLA,919
OOPSLA Companion,821
OOPSLA Workshop on Eclipse Technology eXchange,18
OOPSLA/ECOOP,32
OSDI,83
OZCHI,388
Oper. Res. Lett.,1
Operating Systems Review,1029
PACT,59
PADTAD,51
PAIS,18
PARLE,1
PASCO,65
PASTE,125
PDC,157
PDC (1),13
PDC (2),38
PDSW,10
PE-WASUN,190
PEPM,293
PERSUASIVE,40
PETRA,319
PIKM,59
PLAN-X,1
PLAS,44
PLATEAU,12
PLDI,808
PLOS,12
PLPV,42
PM2HW2N,64
PMAM,28
PODC,1381
PODS,946
POMC,14
POPL,1229
PPDP,266
PPOPP,514
PPOPP/PPEALS,20
PPPJ,203
PPPJ/IRE,29
PRESTO,22
PST,75
PVLDB,5
PaCT,125
PaIR,7
Pearson Studium,6
PerDis,17
Perform. Eval.,4
Performance,1
Prentice Hall Series in Innovative Technology,1
"Proc. 15èmes Journées Bases de Données Avancées, BDA",1
Promise,67
Q2SWinet,78
QoP,34
QoSA,18
QoSA/ISARCS,20
Quantum Information & Computation,214
RECOMB,321
RFID Explained,30
RIAO,47
ROSATEA,11
RTNS,19
Random Struct. Algorithms,1
Random Testing,9
RecSys,389
Richard Tapia Celebration of Diversity in Computing Conference,73
SAC,4348
SAC (1),81
SAC (2),81
SACMAT,274
SADPI,12
SAICSIT Conf.,210
SAME,11
SASN,56
SAVCBS,11
SBBD,1
SBCCI,359
SC,1140
SC Companion,63
SC-GCE,10
SC-HPRCTA,5
SC-MTAGS,13
SC-WHPCF,8
SC-WORKS,12
SCCG,119
SCESM,12
SCM,31
SCOPES,53
SCSC,171
SDE,61
SEAMS,24
SEBD,3
SEKE,109
SEM,24
SERENE,17
SESS,7
SHARK,15
SHB,8
SI3D,368
SIBGRAPI,1
SIGACT News,823
SIGARCH Computer Architecture News,299
SIGART Bulletin,156
SIGART Newsletter,69
SIGAda,244
SIGBDP-SIGCPR,13
SIGBED Review,210
SIGCAS Computers and Society,25
SIGCOMM,871
SIGCPR,214
SIGCSE,2917
SIGCSE Bulletin,841
SIGDOC,856
SIGGRAPH,1065
SIGGRAPH (Panels),15
SIGGRAPH ASIA Animations,60
SIGGRAPH ASIA Art Gallery & Emerging Technologies,66
SIGGRAPH ASIA Courses,19
SIGGRAPH ASIA Educators Program,23
SIGGRAPH ASIA Posters,100
SIGGRAPH Educators Program,27
SIGGRAPH Emerging Technologies,66
SIGGRAPH Music & Audio,6
SIGGRAPH New Tech Demos,37
SIGGRAPH Posters,569
SIGGRAPH Talks,219
SIGGRAPH Web Graphics,43
SIGHIT Record,41
SIGIR,2630
SIGIR Forum,460
SIGITE Conference,432
SIGKDD Explorations,383
SIGMETRICS,975
SIGMETRICS Performance Evaluation Review,744
SIGMETRICS/Performance,107
SIGMOD Conference,2404
SIGMOD Record,1011
"SIGMOD Workshop, Vol. 1",27
"SIGMOD Workshop, Vol. 2",6
SIGMOD/PODS PhD Symposium,12
SIGPLAN Notices,1353
SIGPLAN Symposium on Compiler Construction,120
SIGPLAN Workshop,26
SIGSMALL/PC,33
SIGSMALL/PC Symposium,45
SIGSOFT FSE,392
SIGSPATIAL Special,81
SIGSPATIAL/GIS,88
SIGUCCS,1681
SIGecom Exchanges,200
SIN,150
SIROCCO,2
SISAP,38
SLIP,166
SMC,1
SNAKDD,9
SNC,28
SNS,41
SODA,1991
SOFTVIS,112
SOQUA,25
SOSP,439
SOUPS,146
SPAA,899
SPLASH,54
SPLASH Workshops,46
SPLAT,9
SPLC,39
SPLC (1),36
SPLC (2),41
SPLC Workshops,48
SPRINGL,36
SRMC,23
SSM,14
SSPS,10
SSR,101
STC,36
STOC,2536
SWAT4LS,26
SWIM,18
SWS,68
SYANCO,2
SYMSAC,49
SYMSACC,84
SYSTOR,70
SafeConfig,20
SenSys,581
Sensor and Actor Networks,12
SimuTools,1
SoCC,26
SoICT,95
Soft Comput.,1
Software Development Environments (SDE),48
Software Mining,4
Solid Modeling and Applications,59
SpringSim,495
SpringSim (1),30
SpringSim (2),51
SpringSim (3),45
SpringSim (ADS),20
SpringSim (ANSS),33
SpringSim (CNS),32
SpringSim (EAIA),13
SpringSim (HPC),21
SpringSim (MMS),18
SpringSim (SimAUD),18
SpringSim (TMS-DEVS),80
StorageSS,41
SummerSim,71
Summit on Computing Education in China,12
Symposium on Computational Geometry,1313
Symposium on Computer Animation,26
Symposium on Designing Interactive Systems,186
Symposium on Solid Modeling and Applications,294
Symposium on Solid and Physical Modeling,198
"Symposium on Testing, Analysis, and Verification",42
TAAS,137
TACCESS,51
TACO,206
TADDS,12
TAMODIA,42
TAP,193
TARK,131
TAV-WEB,13
TIIS,29
TKDD,101
TLDI,59
TOCE,74
TOCT,21
TOMCCAP,203
TOOLS (11),1
TOOLS (12/9),2
TOS,113
TOSN,197
TRETS,112
TRI-Ada,203
TRI-Ada Tutorials,19
TRI-Ada Tutorials (1),6
TRI-Ada Tutorials (2),5
TSLP,52
TVS,37
TWEB,90
Tangible and Embedded Interaction,435
TempWeb,5
Temporal Logic in Specification,1
Theor. Comput. Sci.,3
Timing Issues in the Specification and Synthesis of Digital Systems,23
UIST,526
UIST (Adjunct Volume),78
UPGRADE-CN,31
USENIX MACH Symposium,1
UXTV,27
UbiComp,218
UbiMob,96
Underwater Networks,46
VALUETOOLS,61
VEE,130
VINCI,52
VISA,12
VLDB,169
VMIL,5
VMSec,6
VNBA,13
VR,1
VRCAI,349
VRCIA,57
VRIC,26
VRML,65
VRST,585
VVS,47
VaMoS,41
Vehicular Ad Hoc Networks,120
"Virtual Reality, Archeology, and Cultural Heritage",41
VizSEC,35
Volviz,15
W4A,205
WACC,24
WADS,1
WCAE,18
WCFLP,9
WESS,19
WEWST,15
WI&C,9
WICON,4
WICOW,37
WICSA/ECSA Companion Volume,32
WIDM,154
WIMS,124
WINTECH,63
WISEC,104
WISER,13
WITS,8
WMASH,40
WMPI,18
WMuNeP,47
WODA,36
WORM,40
WOSN,10
WOSP,139
WOSP/SIPEW,32
WOSS,42
WOWMOM,63
WPES,162
WRAS,8
WREN,12
WS-REST,30
WSDM,324
WSNA,15
WTAOP,5
WWW,1537
WWW (Alternate Track Papers & Posters),158
WWW (Companion Volume),385
WWW (Special interest tracks and posters),167
Web3D,264
WebMedia,48
WebSci,44
Winter Simulation Conference,954
Wireless Health,63
Wireless Mobile Internet,11
Wireless Networks and Systems for Developing Regions,8
Wireless Sensor Networks and Applications,18
Wissensbasierte Systeme,1
WoT,18
Workshop Mobile Commerce,24
"Workshop on Data Abstraction, Databases and Conceptual Modelling",48
Workshop on Exception Handling,9
Workshop on Interface Definition Languages,13
"Workshop on Languages, Compilers, & Tools for Real-Time Systems",16
"Workshop on Languages, Compilers, and Tools for Embedded Systems",13
Workshop on New Paradigms in Information Visualization and Manipulation,31
Workshop on New Security Paradigms,11
Workshop on Parallel Lisp,1
Workshop on Parallel and Distributed Debugging,60
Workshop on Software and Performance,62
Workshop on Universal Accessibility of Ubiquitous Computing,24
Workshop on Web Information and Data Management,12
Workshop on Wireless Security,53
Workshop on the Management of Replicated Data,1
XIME-P,4
XML Security,23
XP7.52 Workshop on Database Theory,2
e-Energy,53
eCrime Researchers Summit,7
eLearn Magazine,545
fdg,207
iConference,290
iiWAS,489
